title,summary,link
My Daily Struggle,"This is a typical day in my life. I struggle with GAD, panic disorder, agoraphobia, OCD and seasonal depression.",https://www.nami.org/Personal-Stories/My-Daily-Struggle
Publications & Reports,"Full of in-depth stories on mental illness, research, mental health legislation, surveys, personal stories and NAMI events, our publications keep you up-to-date on the state of mental health in our country.",https://www.nami.org/Support-Education/Publications-Reports
The Struggles of Depression and Anxiety,For a long time I’ve battled with social anxiety and depression. Here’s my story in hopes that this can help someone. In hopes that this can help me.,https://www.nami.org/Personal-Stories/The-Struggles-of-Depression-and-Anxiety
Seeking Help When You Need It,"Growing up, my parents would always say a specific phrase if we were discussing something only meant for our family: “This is family talk.” The phrase was a way for my family to establish boundaries around topics that were private. Because when they said this, I knew I was...",https://www.nami.org/Blogs/NAMI-Blog/July-2017/Seeking-Help-When-You-Need-It
Finding Mental Health Care that Fits Your Cultural Background,,https://www.nami.org/Your-Journey/Living-with-a-Mental-Health-Condition/Finding-a-Mental-Health-Professional/Finding-Mental-Health-Care-that-Fits-Your-Cultural-Background
When Stigma Prevented Me from Getting Help,"I was a young girl when I started to experience confusing and frightening symptoms. I didn’t tell anyone. I knew my problem wasn’t normal and didn't think anyone would ever understand. I didn't dare speak up, in fear of being ridiculed. I thought I could handle it on my o...",https://www.nami.org/Blogs/NAMI-Blog/October-2018/When-Stigma-Prevented-Me-from-Getting-Help
How to Overcome Stigma in the African American Community,"While there may be a lot of awareness and research for cancer and other physical health conditions, we struggle as a nation when it comes to prioritizing mental health. And that especially applies to the mental health of African Americans.   According to the American Ps...",https://www.nami.org/Blogs/NAMI-Blog/July-2019/How-to-Overcome-Stigma-in-the-African-American-Community
"Latinos, Mental Health Care and the American Dream","Last month I celebrated my 16th anniversary of moving to the United States. I have now lived almost half of my life here. I still remember the day I came to this country. In one day of travel I went from Quito, Ecuador to Kirksville, Mo. I went from living in a city of ...","https://www.nami.org/Blogs/NAMI-Blog/September-2012/Latinos,-Mental-Health-Care-and-the-American-Dream"
What Is It Like to Hallucinate?,"What does it mean to “hear things” and “see things?”   This question has been one that has puzzled me for as long as I have understood schizophrenia. When I was a child and I met my aunt, completely taken over by schizophrenia, my father explained to me that she “heard”...",https://www.nami.org/Blogs/NAMI-Blog/May-2020/What-Is-It-Like-to-Hallucinate
Healthy Eating Plus Awareness Leads to Better Mindfulness,"According to the Centers for Disease Control and Prevention (CDC), African Americans and Latinos have the highest obesity rates in the United States. Many health problems are associated with being overweight, including diabetes and heart disease.  Considering the costs ...",https://www.nami.org/Blogs/NAMI-Blog/July-2015/Healthy-Eating-Plus-Awareness-Leads-to-Better-Mind
My Reality During A Psychotic Episode,CW: This article depicts an episode of psychosis.  The end of the world was near. I was a prophet. I had to save us from ourselves.  It was 2006. I had been living with untreated severe bipolar I disorder for over six years. I became psychotic trying to understand o...,https://www.nami.org/Blogs/NAMI-Blog/June-2019/My-Reality-During-A-Psychotic-Episode
It Gets Better,"I expanded my mindfulness and my ability to speak to others. I started to think of the glass as half full, rather than empty. Here I am, nine months later, stronger than ever.",https://www.nami.org/Personal-Stories/It-Gets-Better
"""It Gets Better""","Having depression is like being mugged by five different people: hopelessness, sadness, anxiety, self-loathing and demoralization. Once depression had me, I became its prisoner.",https://www.nami.org/Personal-Stories/It-Gets-Better-en
Responding to Bipolar Psychotic Symptoms,"A first experience with psychosis can be terrifying, exhilarating, disorienting or feel just plain ordinary. Sometimes it can seem ordinary because it was your reality for a while. Your senses and brain colluded to fabricate something that wasn’t actually there. It cert...",https://www.nami.org/Blogs/NAMI-Blog/June-2019/Responding-to-Bipolar-Psychotic-Symptoms
Mental Health Matters for All Students,"Alex Williams, Stephen Berkemeier, Dr. Terri Wright   The following is an abridged and slightly edited transcript from a recent podcast by the Steve Fund , the nation’s only non-profit organization focused on the mental health and well-being of students of color. The...",https://www.nami.org/Blogs/NAMI-Blog/August-2017/Mental-Health-Matters-for-All-Students
Filmmaker Jono Oliver Brings African American Mental Health to the Screen,"The cast of the film Home, which was directed by Jono Oliver. In recognition of Black History Month and to raise mental health awareness, NAMI Wisconsin will be showing the film Home , the story of an African American man living with a mental health condition who a...",https://www.nami.org/Blogs/NAMI-Blog/February-2015/Filmmaker-Jono-Oliver-Brings-African-American-Ment
How to Keep People Engaged in Mental Health Treatment,"Mental illness affects every age group, gender, socio-economic status and culture, yet not all Americans have the same access to proper care. For example, only  20%  of Asian Americans with mental illness receive treatment compared to 48% of white adults. And only  56%  of ...",https://www.nami.org/Blogs/NAMI-Blog/July-2019/How-to-Keep-People-Engaged-in-Mental-Health-Treatment
The Scariest Panic Symptoms People Don’t Talk About,"The first time it happened, I was nine years old. My fourth-grade teacher asked me to go to the administration office to pick up some papers. When I arrived there, a strange and terrifying sensation came over me, like I wasn’t sure what I was doing.    Am I really here? I...",https://www.nami.org/Blogs/NAMI-Blog/December-2018/The-Scariest-Panic-Symptoms-People-Don-t-Talk-About
Police Perspective: Overcoming PTSD,"In 1989, I had been on the job for four years. One night, I was working the third shift when I came across an individual at a truck stop off the interstate. A car was in a back area where I would normally run into sex workers, and I saw two people in the backseat. When I ...",https://www.nami.org/Blogs/NAMI-Blog/June-2016/Police-Perspective-Overcoming-PTSD
Courage and Progress,"Thank you, Taraji, for your time and joining us today. We appreciate all the work you are doing in this space. Why is embracing the mental health movement important to you, and why now? Taraji P. Henson: Given the social and political climate we live in today, if not now...",https://www.nami.org/Blogs/NAMI-Blog/July-2019/Courage-and-Progress
Minority Mental Health Isn't a Minor Issue,"Before I started as an intern at NAMI, I had never heard of Bebe Moore Campbell or even National Minority Mental Health Awareness Month (NMMHAM) . When I first heard about the month, I was puzzled and filled with questions. In particular, I wondered: Why is there a need f...",https://www.nami.org/Blogs/NAMI-Blog/July-2015/Minority-Mental-Health-Isn-t-a-Minor-Issue
AKA and NAMI: Building Bridges in the African-American Community,"Race and ethnicity are an important piece of someone’s culture. And culture, even when we don’t realize it, has a deep influence on how we live our lives. It’s culture that helps form our values, attitudes and norms. It’s culture that connects us to our faith, our famil...",https://www.nami.org/Blogs/NAMI-Blog/July-2017/AKA-and-NAMI-Building-Bridges-in-the-African-Amer
Why NAMI Needs to Offer Its Education Programs in Spanish,"I was told recently that I have the power to save lives. I felt both humbled and excited by these words. As the NAMI San Diego Peer Recovery Programs Coordinator, I meet, individuals, who, like me, live with mental health challenges. Having a robust and positive mental hea...",https://www.nami.org/Blogs/NAMI-Blog/October-2015/Why-NAMI-Needs-to-Offer-Its-Education-Programs-in
"Thank You, Ted Stanley, a Giant in Mental Illness Research","Ted Stanley passed away on Jan. 4 at the age of 85. You may not have heard of him before, but due to his dedication to scientific research, the world of our grandchildren is likely to be very different for treatment and recovery from mental illness. A successful businessman...","https://www.nami.org/Blogs/NAMI-Blog/January-2016/Thank-You,-Ted-Stanley,-a-Giant-in-Mental-Illness"
Finding the Threads of Strength: Supporting a Sibling With Mental Illness,"Recently my family experienced a miracle. Not the type of miracle that draws massive crowds or gets noted in history books, but a miraculous experience that  we never believed possible. Tucked in a remote area of New England, overlooking the rocky coast, we witnessed my young...",https://www.nami.org/Blogs/NAMI-Blog/April-2013/Finding-the-Threads-of-Strength-Supporting-a-Sibl
I Remember When Worry Was a Friend,"When I was younger, I worried about everything. Worry was with me in high school: Would I get into college? If so, which one? Worry was with me when I was in college: Would I pass my finals? Would I get a job afterwards? I always assumed that I had to worry about st...",https://www.nami.org/Blogs/NAMI-Blog/July-2017/I-Remember-When-Worry-Was-a-Friend
Leader of Landmark Gene Research on Schizophrenia to Speak at NAMI Convention,"Dr. Steven McCarroll, who led the research team responsible for a study that examines the gene that may be a risk factor for schizophrenia, will speak at this year’s NAMI National Convention , July 6–9 in Denver. Dr. McCarroll is an assistant professor in the Department of ...",https://www.nami.org/Blogs/NAMI-Blog/May-2016/Leader-of-Landmark-Gene-Research-on-Schizophrenia
Challenging Multicultural Disparities in Mental Health,"As the racial demographic of the U.S. continues to shift, the mental health field faces the challenge of creating equal, culturally sensitive services for all. Many people are unable to attain their highest level of mental wellness for several reasons, and the culture of m...",https://www.nami.org/Blogs/NAMI-Blog/July-2017/Challenging-Multicultural-Disparities-in-Mental-He
The Latino Paradox: Mental Health Appears to Not Be an Exception,"Years ago, in a college class, I learned that socioeconomic status was commonly used as a predictor of health outcomes in most countries. I remember this well because my professor chose to exemplify global cases with extreme pictures of poverty and ghastly pathologies. W...",https://www.nami.org/Blogs/NAMI-Blog/October-2013/The-Latino-Paradox-Mental-Health-Appears-to-Not-B
"“Oh No, I’ve Just Been Diagnosed With a Mental Illness…”","Yashi Brown/Courtesy of the artist These were my first thoughts when I was discharged from UCLA and Harris Methodist hospital in 2002 and again in 2007. I can remember like it was yesterday. Right after our art therapy class, when the nurses met with us one by one, I was...","https://www.nami.org/Blogs/NAMI-Blog/June-2012/Oh-No,-I’ve-Just-Been-Diagnosed-With-a-Mental-Ill"
A Bipolar Disorder Diagnosis is Not a Death Sentence,"I can’t believe I ever wanted to die. Sometimes it’s hard to remember what it felt like to be so hopeless that I was willing to end my own life. The saying “suicide is a permanent solution to a temporary problem” is so true. Just because one day, one week, even one year or ...",https://www.nami.org/Blogs/NAMI-Blog/September-2019/A-Bipolar-Disorder-Diagnosis-is-Not-a-Death-Sentence
"Stigma Affects Everyone, Even Doctors","Every year, 300-400 physicians die by suicide in the U.S. This statistic should make us all arc an eyebrow, considering physicians are there to save lives, not take their own. Another study shows that one in four medical students struggle with depression and approx...",https://www.nami.org/Blogs/NAMI-Blog/October-2017/Stigma-Affects-Everyone-Even-Doctors
Is American Horror Story Stigmatizing or Just Silly?,"The new season of American Horror Story is set on the grounds of a 1960’s psychiatric hospital and, of course, uses imagery of a hopefully bygone era of psychiatry as practiced in a large, dehumanizing forensic facility. As the title indicates, this show is meant to sc...",https://www.nami.org/Blogs/NAMI-Blog/October-2012/Is-American-Horror-Story-Stigmatizing-or-Just-Sill
Strengthening NAMI's Connection with the African American Community,"At the AKA and NAMI event in Knoxville, Tenn. Helen Keller said, “Alone we can do so little; together we can do so much.” Here at NAMI we know this very well. Many of us arrived at NAMI feeling alone and carrying very heavy burdens. Once here, we found a place worth ...",https://www.nami.org/Blogs/NAMI-Blog/April-2015/Strengthening-NAMI-s-Connection-with-the-African-A
NAMI Takes a Stand During a White House Mental Health Panel,"Knowledge is power. Yet there remains a shortage of knowledge about mental illness and its impact on individuals and families across the country. As NAMI CEO Mary Giliberti told an audience at the White House on June 7, one of NAMI’s primary goals is to empower people wit...",https://www.nami.org/Blogs/NAMI-Blog/June-2016/NAMI-Takes-a-Stand-During-a-White-House-Mental-Hea
Tips to Stay Mentally Healthy While Traveling,"Traveling has countless benefits: learning, exploring, trying new things, to name just a few. As the quote goes, “Travel is the only thing you buy that makes you richer.” Every adventure can be a life experience, worth the time, money and even the potential conflicts. When ...",https://www.nami.org/Blogs/NAMI-Blog/April-2016/Tips-to-Stay-Mentally-Healthy-While-Traveling
"The Message of Martin Luther King, Jr. Resonates in NAMI","This New Year, like many before, I attended the Rose Parade in Pasadena, Calif. with my dad. We sat in our traditional grandstand seats at the intersection of Orange Grove and Colorado Boulevards, which marks the starting point for the Rose Parade. This year, however, there...","https://www.nami.org/Blogs/NAMI-Blog/January-2012/The-Message-of-Martin-Luther-King,-Jr-Resonates-i"
Sobriety is Not Boring,"I’ve been sober for four years, and for someone who’s just out of college, that makes me somewhat of a black sheep among my 20-something-year-old peers. One of my least favorite things to hear is: “I can’t imagine not drinking. I would just be so  bored . ”  Part of t...",https://www.nami.org/Blogs/NAMI-Blog/December-2019/Sobriety-is-Not-Boring
Disgust: A Natural Emotional Response to Abuse,"Disgust is an emotion I never gave much thought. It was just something that happened to me if I caught a stomach virus or ate something disagreeable. But after practicing psychotherapy for several years, disgust emerged as an important emotion in trauma healing. For example...",https://www.nami.org/Blogs/NAMI-Blog/April-2020/Disgust-A-Natural-Emotional-Response-to-Abuse
How Labels Impacted My Mental Health,"For most of my life, I was associated with a label—usually one I didn’t place on myself. In my youth, I was the pastor’s daughter. As a young adult, I was the head of worship and arts. When I married, I was known as an NBA wife.    All I knew were labels. They dictated ...",https://www.nami.org/Blogs/NAMI-Blog/August-2019/How-Labels-Impacted-My-Mental-Health
Courage,"Today, I choose to live with courage. I choose to not allow my PTSD to dictate my every move and reaction anymore.",https://www.nami.org/Personal-Stories/Courage
Why Faith Is Important to African American Mental Health,"A connection to faith has long been recognized as having a deeply profound impact on emotional well-being. Throughout history, a connection to a higher power has been the cornerstone of the resilience and empowerment that has sustained generations of individuals from the Afr...",https://www.nami.org/Blogs/NAMI-Blog/February-2016/Why-Faith-Is-Important-to-African-American-Mental
Celebrating Latino Culture and Creating Change,"“Family comes first,” my mother always says. It constantly reminds me how important spending time with them is. Growing up, I was always surrounded by an endless number of family members. My grandmother, aunts, uncles, cousins, second cousins-you name it-all gathered togeth...",https://www.nami.org/Blogs/NAMI-Blog/October-2015/Celebrating-Latino-Culture-and-Creating-Change
"When It Comes to Getting Help, Culture Counts","A friend of mine once told me, “Black people don’t get depressed.” Even within my own family, mental distress was perceived as a weakness, something to “snap out of” or “get over.” I didn’t think that there was anyone who would understand my experiences and so I was afraid t...","https://www.nami.org/Blogs/NAMI-Blog/February-2015/When-It-Comes-to-Getting-Help,-Culture-Counts"
National Minority Mental Health Awareness Month: The Time for Action Is Now,"In honor of National Minority Mental Health Awareness Month, individuals and organizations across the nation are speaking out about the need for increased attention to mental health and improved access to mental health services for diverse populations.   To Cecelia Will...",https://www.nami.org/Blogs/NAMI-Blog/July-2014/National-Minority-Mental-Health-Awareness-Month-T
What Happens When Celebrities Speak Out,"I remember the first time I was asked to secure a celebrity for a NAMI event in 2006. It was for a press event to help encourage media coverage of a major NAMI initiative. After many weeks of attempts and rejection, we were fortunate to have Oscar and Emmy-winning actor, ...",https://www.nami.org/Blogs/NAMI-Blog/May-2019/What-Happens-When-Celebrities-Speak-Out
Discrimination and Racism in the History of Mental Health Care,People with mental illness have always been discriminated against. They have been denied full participation in society and labeled as dangerous and criminal. Many have been locked in institutions that acted more like prisons designed to punish than hospitals designed to tre...,https://www.nami.org/Blogs/NAMI-Blog/July-2020/Discrimination-and-Racism-in-the-History-of-Mental-Health-Care
An Important Conversation with My Mom,"July is Minority Mental Health Awareness Month , and I wanted to take this opportunity to explore a particularly difficult season in my life: the years my mom served time. As a quick background, my mom has always been as much of a friend as a mother, and before this p...",https://www.nami.org/Blogs/NAMI-Blog/July-2017/An-Important-Conversation-with-My-Mom
When A New Job Became My Worst Nightmare,"My bipolar I disorder had been in full remission for six years. My friends, family and doctors were cheering me on. I was beginning a successful environmental nonprofit career.   The office was fast-paced, stressful and tense. I sat at an open area desk, where I was con...",https://www.nami.org/Blogs/NAMI-Blog/March-2019/When-A-New-Job-Became-My-Worst-Nightmare
Overcoming the Silence of Stigma through Film,"Who would think that the way to finally get your family talking about mental illness would be to sit them in front of a camera and start rolling? That’s exactly what Dinesh Das Sabu did in  Unbroken Glass , his new documentary from Kartemquin Films.  After living his ...",https://www.nami.org/Blogs/NAMI-Blog/January-2017/Overcoming-the-Silence-of-Stigma-through-Film
Becoming My Own Advocate,"""I lead with compassion for myself and others. I vow to let the experience change me forever instead of stopping me."" Read Maria's story of finding her inner strength while hospitalized.",https://www.nami.org/Personal-Stories/Becoming-My-Own-Advocate
Why Black Churches Need to Do Better with Mental Health Issues,"One of the oldest, and at times, only, emotional outlet and support for Black women has been the church. According to the  Pew Research Center , 91% of Black Americans say religion is somewhat or very important in their lives, and 79% identify as Christian.    For me, f...",https://www.nami.org/Blogs/NAMI-Blog/July-2020/Why-Black-Churches-Need-to-Do-Better-with-Mental-Health-Issues
Sharing and Spreading Hope in the African American Community,"The African American community experiences mental health conditions at comparable rates to the general population, but receives significantly less treatment. One of the reasons is because of the stigma and lack of acceptance that permeates within the community. In order to im...",https://www.nami.org/Blogs/NAMI-Blog/February-2016/Sharing-and-Spreading-Hope-in-the-African-American
College Students of Color: Overcoming Mental Health Challenges,July is Minority Mental Health Month which provides an ideal opportunity to talk about the mental health of young people of color. Our country is becoming more and more diverse—the proportion of children of color are projected to become the  majority by 2020  and people...,https://www.nami.org/Blogs/NAMI-Blog/July-2018/College-Students-of-Color-Overcoming-Mental-Healt
Breaking Tradition,"Growing up, I was convinced my father was the strongest man alive. Not only could he carry two full bags of laundry up our three-floor walkup in a single trip and open any stubborn jar with almost zero effort, nothing could make the man cry. As a child, I thought that was ...",https://www.nami.org/Blogs/NAMI-Blog/July-2017/Breaking-Tradition
You Don't Look Like You Have Depression,"Every ninety days, I need a refill. I have to sit in the waiting room and check off whether or not I am sleeping or eating or feeling irritable. Every time I need a refill on my antidepressant, since I was nineteen years old, a receptionist has handed me this short questio...",https://www.nami.org/Blogs/NAMI-Blog/December-2018/You-Don-t-Look-Like-You-Have-Depression
How My Latina Identity Holds Hands with My Depression,"When I was in college, I was diagnosed with depression. It had been apparent that something was wrong halfway through high school when I carried a sadness, an exhaustion and a heaviness I couldn’t explain. I spent the rest of college trying to find the right treatment t...",https://www.nami.org/Blogs/NAMI-Blog/July-2020/How-My-Latina-Identity-Holds-Hands-with-My-Depression
Awareness Events,Millions of American’s lives are impacted daily by mental health conditions. As a way to show support for these people NAMI participates in several annual mental health awareness events.,https://www.nami.org/Get-Involved/Awareness-Events
What I Want You to Know as Someone with BPD,"When I received my borderline personality disorder (BPD) diagnosis, my world came crashing down. While I was aware of the symptoms I was experiencing, I didn’t see the disorder within myself, or maybe just didn’t  want  to see the disorder within myself. As a mental ...",https://www.nami.org/Blogs/NAMI-Blog/October-2020/What-I-Want-You-to-Know-as-Someone-with-BPD
The Strengths and Stigmas of My Culture,"As the son of Cuban immigrants, I was the first person in my family born in the United States. My mother’s family fled Cuba when she was six years old and my father came to the United States in his late-30s. They said goodbye to family and friends, learned a new language a...",https://www.nami.org/Blogs/NAMI-Blog/July-2017/The-Strengths-and-Stigmas-of-My-Culture
Coming Together to Celebrate Minority Mental Health Month,"Looking back at the past month of support and collaboration, it is unbelievable how much was accomplished in July alone. NAMI State Organizations, NAMI Affiliates, members and allies across the country took on the challenges of mental health conditions in minority population...",https://www.nami.org/Blogs/NAMI-Blog/August-2015/Coming-Together-to-Celebrate-Minority-Mental-Healt
A Good Soldier: Surviving My Mother’s Life and Death,"I was eight years old the first time my mother threatened to kill herself. Born to loving parents and growing up in an idyllic Maryland suburb outside Washington D.C., I had a solid start in life. But within a few years, my home life began to unravel. In addition to de...",https://www.nami.org/Blogs/NAMI-Blog/June-2017/A-Good-Soldier-Surviving-My-Mother-s-Life-and-Dea
Diversity in Motion: Raising Awareness through Dance,"Over time and through the Build It Together initiative, NAMI Wisconsin has worked to become an increasingly more inclusive and culturally competent organization. In these efforts, we found that truly building bridges and establishing ourselves as a trusted organization wit...",https://www.nami.org/Blogs/NAMI-Blog/June-2016/Diversity-in-Motion-Raising-Awareness-through-Dan
To Train or Not to Train,"NAMI’s annual Training of Trainers trains over 100 NAMI teachers and facilitators from NAMI signature programs across the country to become state trainers. These new state trainers are then qualified to return to train new teachers and facilitators in their state, thus growin...",https://www.nami.org/Blogs/NAMI-Blog/January-2013/To-Train-or-Not-to-Train
Depression is Not Alone,"Logically, I can acknowledge the gratitude I have for the people, opportunities and luxuries in my life. My mental health condition, however, is anything but logical.",https://www.nami.org/Personal-Stories/Depression-is-Not-Alone
How I Stopped Playing the Blame Game,"Six years ago, when I was 23, I published a memoir about my long struggle with an eating disorder. My painful story pointed the finger at family and friends who didn’t understand what I was going through.    Looking back, I see that playing the blame game only prolong...",https://www.nami.org/Blogs/NAMI-Blog/March-2019/How-I-Stopped-Playing-the-Blame-Game
Cante' Wast'e Win: Breaking the Cycle of Historical Trauma,"The author is a board member of NAMI Boulder County (Colo.) and member of NAMI’s American Indian and Alaska Native Networking Group. For discussion of historical trauma and the expression of pain as a means toward healing, see also her article Native American tribal communi...",https://www.nami.org/Blogs/NAMI-Blog/November-2012/Cante-Wast-e-Win-Breaking-the-Cycle-of-Historica
Getting My Son the Help He Needed,"“I’m not depressed, I’m hurting.” This is what my soon to be 15-year-old son said to me less than a week after his cutting attempt. He was in tears telling me that he felt hopeless and had no will to live. It broke my heart because I know that feeling very well, as I have  ...",https://www.nami.org/Blogs/NAMI-Blog/April-2020/Getting-My-Son-the-Help-He-Needed
The Unexpected Medical Bill,"I recently received an invoice from a clinician for psychiatric services my son received two and a half years ago. At the time, I encouraged him to see a psychiatrist to treat his attention deficit disorder. He saw this doctor only once. He made a subsequent appointment, ...",https://www.nami.org/Blogs/NAMI-Blog/September-2019/The-Unexpected-Medical-Bill
My Path in Life,I discovered how to advocate for myself by being an advocate for others. It is a wonderful sensation to know I can help another person.,https://www.nami.org/Personal-Stories/My-Path-in-Life
Say It Out Loud: Speaking with Teens about Mental Health,Stigma about mental health prevents teens from seeking help. Learn how NAMI's Say it Out Loud can get teens talking and asking for help when they need it.,https://www.nami.org/Get-Involved/What-Can-I-Do/Become-a-Leader-in-the-Mental-Health-Movement/Say-It-Out-Loud-Speaking-with-Teens-about-Mental
Tackling the Challenges of Minority Mental Health,"Mental health within minority communities is a sensitive issue that needs addressing. In a report from the Surgeon General in 2001, these issues were highlighted while exploring the problems of biases, stereotypes and racism within the healthcare system. The report also em...",https://www.nami.org/Blogs/NAMI-Blog/July-2015/Tackling-the-Challenges-of-Minority-Mental-Health
Faith and Therapy,"""I define my wellness plan by a simple equation: faith + therapy = my recovery.""",https://www.nami.org/Personal-Stories/Faith-and-Therapy
Compartiendo Esperanza: Sharing Hope with Our Latino Community,"In celebration of National Minority Mental Health Awareness Month last year, NAMI Montgomery County, Md., shared a message of hope with Latino parishioners at St. Jude’s Church in Rockville. Following the weekly Sunday night Mass in Spanish, we organized the NAMI program ...",https://www.nami.org/Blogs/NAMI-Blog/July-2016/Compartiendo-Esperanza-Sharing-Hope-with-Our-Lati
"Mental Health: Let’s Talk About Culture, Race And Ethnicity","It can be a mouthful to say in a conversation: Minority Mental Health Awareness Monthly (MMHAM). During its annual observance in July, I’m also sometimes asked why it is needed when we already have Mental Health Awareness Month in May. One recent study provides an answer....",https://www.nami.org/Blogs/From-the-CEO/July-2016/Mental-Health-Let-s-Talk-About-Culture-Race-And
Racial Disparities in Mental Health and Criminal Justice,"July is  Minority Mental Health Month , a time dedicated to raising awareness about the unique challenges that underrepresented communities face in accessing mental health treatment in the U.S.   I am a mental health researcher at the Vera Institute of Justice, an organ...",https://www.nami.org/Blogs/NAMI-Blog/July-2019/Racial-Disparities-in-Mental-Health-and-Criminal-Justice
The Mental Health Care Gap,"I was raised in a family that was always painfully aware of the disparities between people of color and whites. It made me expect that most people of color will have a harder fight for justice in all areas. So learning about the mental health care gap, for me, was just ...",https://www.nami.org/Blogs/NAMI-Blog/July-2020/The-Mental-Health-Care-Gap
Addiction and Mental Health,DBT taught me so many amazing skills that are automatic to me now. I’m confident in my ability to make wise decisions and not react based on my emotions.,https://www.nami.org/Personal-Stories/Addiction-and-Mental-Health
Talk to Your Doc During American Heart Month,"It has been 50 years since Lyndon Johnson declared February American Heart Month. While we have steadily reduced the rate of heart disease since then, it still remains our number one killer. And those who experience mental health conditions—people like my hero Carrie Fi...",https://www.nami.org/Blogs/NAMI-Blog/February-2017/Talk-to-Your-Doc-During-American-Heart-Month
Peer Support Saved My Life,"I began my journey as a peer support specialist accidentally. I was actually supporting my peers long before I knew there was a title, specialized trainings, career opportunities or a structured way to use my lived experience as a “tool” to assist others on their mental h...",https://www.nami.org/Blogs/NAMI-Blog/August-2018-/Peer-Support-Saved-My-Life
The Millennial Voice: Normalizing Mental Health Across Backgrounds,"I’ve been told millennials are entitled, vocal and live by the concept of instant gratification, which results in a lot of  impatience . Whether you agree with these perceptions, one thing that’s undeniable is millennials’ ability to advocate. The millennial voice has birth...",https://www.nami.org/Blogs/NAMI-Blog/July-2019/The-Millennial-Voice-Normalizing-Mental-Health-Across-Backgrounds
Getting Involved with Minority Mental Health,"Mental health conditions do not discriminate based on race, color, gender or identity. Anyone can experience the challenges of mental illness regardless of their background. However, culture, race, ethnicity and sexual orientation can make access to mental health treat...",https://www.nami.org/Blogs/NAMI-Blog/July-2018/Getting-Involved-with-Minority-Mental-Health
Acknowledging the Importance of Minority Mental Health Month,"Kayla Sharpe, left, and Valerie Denis at AKA International Convention Boulé – July 12, 2016 July is Minority Mental Health Month and I know what some of you may be thinking: Doesn’t the distinction of minority mental health further divide and isolate minority communiti...",https://www.nami.org/Blogs/NAMI-Blog/July-2016/Acknowledging-the-Importance-of-Minority-Mental-He
Recovering from an Eating Disorder as a Trans Person,"I grew up never quite fitting into this binary world. When we separated into boys and girls, I knew where I was supposed to belong, but it didn’t ever feel right. When my sister told me she thought I might be non-binary — things clicked for me: I was gray in a black-and-whi...",https://www.nami.org/Blogs/NAMI-Blog/June-2020/Recovering-from-an-Eating-Disorder-as-a-Trans-Person
Learning to Love Myself—and My Bipolar Disorder,"I had heard of bipolar disorder, but I had stigmatized and stereotypical ideas about what people with bipolar disorder were like.",https://www.nami.org/Personal-Stories/Learning-to-Love-Myself—and-My-Bipolar-Disorder
What Happens When Celebrities Talk About Mental Illness,There’s recently been an incredible chain reaction that inspired millions: A connection between three men who never dreamed they had something so personal in common. I heard about it one day in March after presenting NAMI Ending the Silence (ETS) at a local high school....,https://www.nami.org/Blogs/NAMI-Blog/May-2018/What-Happens-When-Celebrities-Talk-About-Mental-Il
Improve Your Own Mental Health,"To me, good mental health means actually wanting to get out of bed in the morning and tackling the challenges I normally find overwhelming. To achieve this, I put a lot of effort in maintaining my mental health.",https://www.nami.org/Personal-Stories/Improve-Your-Own-Mental-Health
Improving Social Determinants of Mental Health in the Black Community,"In the midst of the dueling health and racial pandemics impacting Americans in the past several months, the mental and physical health of Black Americans has become a central focus. Social determinants of health is a direct contributor to the overall health of Black Ameri...",https://www.nami.org/Blogs/NAMI-Blog/July-2020/Improving-Social-Determinants-of-Mental-Health-in-the-Black-Community
Challenging Mental Health Stigma in the Black Community,"In the black community, there is a  negative stigma  surrounding mental health. Instead of seeking professional help for conditions such as depression and anxiety, many in the community resort to self-medication (drugs, opioids, alcohol, etc.) or isolation in an attempt...",https://www.nami.org/Blogs/NAMI-Blog/July-2018/Challenging-Mental-Health-Stigma-in-the-Black-Comm
Ways We Can Address the Social Determinants of Mental Health,"Social determinants of health are “ conditions in the places where people live, learn, work, and play [that] affect a wide range of health risks and outcomes.” There are many, and they can affect both physical and mental health.       A focus on social determinants of h...",https://www.nami.org/Blogs/NAMI-Blog/August-2020/Ways-We-Can-Address-the-Social-Determinants-of-Mental-Health
The Surprising Casualty of Violent Tragedies: Police Officer Mental Health,"At NAMI, we understand that violent tragedies make the news for a reason—they shake the foundations of what people believe about their communities. People start to wonder: Are our children safe in schools? Are we as moviegoers safe eating our popcorn and candy? While the act...",https://www.nami.org/Blogs/NAMI-Blog/May-2016/The-Surprising-Casualty-of-Violent-Tragedies-Poli
Changing the Conversation About Suicide in the Black Community,"Note: This blog is presented as a cross-collaboration between NAMI and the  American Foundation for Suicide Prevention , whose mission is to save lives and bring hope to those affected by suicide. It originally appeared on the  AFSP Lifesavers Blog .   I had always fe...",https://www.nami.org/Blogs/NAMI-Blog/July-2018/Changing-the-Conversation-About-Suicide-in-the-Bla
Everyone Deserves Adequate Mental Health Care,"As a caretaker and advocate for my mom, it’s been daunting navigating both the cultural barriers in my Latino community and trying to access mental health services. Thus far, these challenges have proven too difficult to surmount in getting my mother adequate treatment f...",https://www.nami.org/Blogs/NAMI-Blog/July-2018/Everyone-Deserves-Adequate-Mental-Health-Care
"My Daughters, My Doctors and God: My Three Pillars of Support","Caroline has lived with with schizophrenia for more than 35 years. Thanks to her relationship with God, her daughters and her doctors she's doing well.",https://www.nami.org/Personal-Stories/My-Daughters-My-Doctors-and-God-My-Three-Pillars
Coping with Bipolar Disorder within My Faith Community,"I have been a church girl all my life, and the traditions and cultural importance of the African American church community shape who I am.  In my community, there is a stark contrast between physical illness and mental illness. I would often hear about people with diabet...",https://www.nami.org/Blogs/NAMI-Blog/July-2019/Coping-with-Bipolar-Disorder-within-My-Faith-Community
This is Me and I’m Not Ashamed,"It’s going to be a long process, but this is me. I’m not ashamed anymore about being on medication and talking to a therapist once a week. It feels amazing and liberating.",https://www.nami.org/Personal-Stories/This-is-Me-and-I-m-Not-Ashamed
Change Starts with Us,"As college students begin the new academic year, there is one subject that all of them should be focused on, regardless of their major. Suicide is a subject that most people don’t talk about until a tragedy happens, yet it remains the second leading cause of death among co...",https://www.nami.org/Blogs/NAMI-Blog/September-2014/Change-Starts-with-Us
Anxiety Shapes My Life,"Living with anxiety is one of the reasons I decided to pursue mental health and substance abuse counseling as my career. I want to help people that struggle with the deep, dark monsters known collectively as mental illness.",https://www.nami.org/Personal-Stories/Anxiety-Shapes-My-Life
Living with Mental Health Conditions,"I live with severe depression and anxiety, PTSD, ADHD and borderline personality disorder. Out of all of them, BPD affects my life the most.",https://www.nami.org/Personal-Stories/Living-with-Mental-Health-Conditions
"Black Friday, Cyber Monday… #GivingTuesday!","We have a day for giving thanks and two days for sales and buying presents. Now there is a day for giving back. #GivingTuesday is a social media movement to create a national day of giving to kick off the holiday season. The second annual #GivingTuesday is on Dec. 3, 20...","https://www.nami.org/Blogs/NAMI-Blog/November-2013/Black-Friday,-Cyber-Monday…-GivingTuesday!"
Stigma-Busting Within the African American Community,"As Miss International 2015 and a national ambassador for NAMI, I have spent the last year with a specific focus on breaking the stigma associated with mental health. I do this work not only because I am a psychotherapist, but also because certain individuals resist seek...",https://www.nami.org/Blogs/NAMI-Blog/July-2016/Stigma-Busting-Within-the-African-American-Communi
Healing by Helping Others,"In December 2011, I launched a global non-profit organization called The Siwe Project . It was named for Siwe Monsanto, the 15 year-old daughter of a good friend. I’d known Siwe since she was 4 years old so I was aware of her ups and downs. However, it still came as a s...",https://www.nami.org/Blogs/NAMI-Blog/July-2013/Healing-by-Helping-Others
"Disabled, But Not Alone Anymore","If we come together, despite all the hate, we can spread love and save so many lives. It’s sometimes just as simple as a smile. Be a listening ear, strike up a conversation with someone, volunteer your time and resources — nothing is too small.",https://www.nami.org/Personal-Stories/Disabled-But-Not-Alone-Anymore
You Can’t “Pray Away” a Mental Health Condition,"At times, it's hard to believe that over 22 years ago, I almost took my life due to depression . Being a black female and growing up in the 1960's where black people had way more to deal with than mental health conditions, mental health was never really discussed. Fast...",https://www.nami.org/Blogs/NAMI-Blog/March-2018/You-Can-t-Pray-Away”-a-Mental-Health-Condition
Why We Must Improve Police Responses to Mental Illness,"As a criminal justice professor, I follow crime and justice news on a regular basis. Crime and justice news can help explain why people commit crime and engage in deviant acts, inform crime prevention and response, and shine a light on emerging issues in the field.   Re...",https://www.nami.org/Blogs/NAMI-Blog/March-2020/Why-We-Must-Improve-Police-Responses-to-Mental-Illness
The Fight for My Life,My psychiatrist finally found a combination of medications that work for me and I don’t have as many dark days anymore.,https://www.nami.org/Personal-Stories/The-Fight-for-My-Life
"31 Stories, 31 Days: Dixie Gamble",Family struggle inspired Dixie Gamble to make  crisis intervention training films for first responders.,https://www.nami.org/Personal-Stories/31-Stories-31-Days-Dixie-Gamble
5 Sleep Tips that Can Help with Depression,"We all feel a little blue from time to time. Sadness is a fundamental part of the human condition. For the majority, feeling down is often a temporary experience connected to specific events. For others, a sense of sadness or hopelessness can be more persistent—this is ...",https://www.nami.org/Blogs/NAMI-Blog/January-2018/5-Sleep-Tips-that-Can-Help-with-Depression
4 Ways to Love Yourself as a Black Woman with Mental Illness,"For years, I struggled with the notion that I was “less than” because of my bipolar disorder. I felt I would never find true love, accomplish my goals or be able to love myself because of my diagnosis. I saw my symptoms as significant flaws that were holding me back from ev...",https://www.nami.org/Blogs/NAMI-Blog/July-2019/4-Ways-to-Love-Yourself-as-a-Black-Woman-with-Mental-Illness
How Being an Iranian Immigrant Affected My Mental Health,"When I was young, my family and I moved from Iran to America, the land of opportunity. I left behind friends, family, delicious food, a language I spoke and understood—a life that made sense. Suddenly, I was a young child entering sixth grade in a foreign land and unprepar...",https://www.nami.org/Blogs/NAMI-Blog/July-2018/How-Being-an-Iranian-Immigrant-Affected-My-Mental
Continuing the Conversation,"I was diagnosed with bipolar II, major depressive disorder and generalized anxiety disorder at the age of 25. It’s hard for me to grasp that my official diagnosis was only two years ago because so much has transpired and changed since then.",https://www.nami.org/Personal-Stories/Continuing-the-Conversation
What Can Minority Mental Health Awareness Month Do For Your NAMI Affiliate?,"Mental health concerns affect people regardless of their religious background, ethnicity or nationality. But how do people from different communities react to mental health issues? What beliefs are held regarding mental health issues in minority communities? What resources...",https://www.nami.org/Blogs/NAMI-Blog/July-2016/What-Can-Minority-Mental-Health-Awareness-Month-Do
Take Two,"With the help of newer medication and a very competent doctor, I am now in good shape. I appreciate the love and support of my wife, children, family and my doctor.",https://www.nami.org/Personal-Stories/Take-Two
Trading Benders for Bending Metal,"At age 13, Chris Schoeck was a student at an upscale private school, a member of the local swim team, a Boy Scout and an alcoholic. For 10 years of his young life, Chris spent each day either secretly drinking, planning how to get alcohol, or figuring out where he could hid...",https://www.nami.org/Blogs/NAMI-Blog/February-2016/Trading-Benders-for-Bending-Metal
There is No Shame: The Power to End Mental Health Stigma Begins with Me,“Don’t share your problems or else you’ll bring shame to yourself and the family.” That’s what I learned when I was a child. I was one of many American kids born in an immigrant family who were taught to obey our elders and authority and just do as we were told. I never k...,https://www.nami.org/Blogs/NAMI-Blog/July-2017/There-is-No-Shame-The-Power-to-End-Mental-Health
From Psychosis to Functionality with NAMI's Help,"I found NAMI New Jersey (NJ) through a self-help clearing house index. I was looking for a non-profit to volunteer with, as was my way when I was very ill and could not work. I was new in the area and had never heard of NAMI, but I figured if I was going to help a non-profit ...",https://www.nami.org/Blogs/NAMI-Blog/July-2012/From-Psychosis-to-Functionality-with-NAMI-s-Help
Black History Month: A Historic Call for Action,"The New Year is moving quickly and February is already nearly half way through. Aside from the arctic weather conditions, the heart-shaped balloons and the Sochi Olympics, this month is a very unique time to recognize and celebrate the significant role of African Americans an...",https://www.nami.org/Blogs/NAMI-Blog/February-2014/Black-History-Month-A-Historic-Call-for-Action
Latinos: Has Mental Illness Knocked at Your Door?,"It is a sunny mid-September morning in the Washington, D.C. area. The cool air and the smell of my last stash of Colombian coffee transport me back to the Equator. If really high mountains were to pop up in the background, the street were to shrink and traffic were to suddenl...",https://www.nami.org/Blogs/NAMI-Blog/September-2013/Latinos-Has-Mental-Illness-Knocked-at-Your-Door
FDA Approves Medications for Tardive Dyskinesia,"Tardive dyskinesia  (TD) is a movement disorder that occurs in some people who take first-generation antipsychotics (such as haloperidol, chlorpromazine), and to a lesser degree, second-generation antipsychotics (such as aripiprazole or paliperidone). TD results in rep...",https://www.nami.org/Blogs/NAMI-Blog/September-2017/FDA-Approves-Medications-for-Tardive-Dyskinesia
Disparities Within Minority Mental Health Care,"Have you ever tried to unlock a door that wouldn’t open? At first, you think you might be doing something wrong. Maybe there’s a trick to it. You pull the key back a little—doesn’t work. You wiggle the key—doesn’t work. You keep trying, but the door stays locked. After a w...",https://www.nami.org/Blogs/NAMI-Blog/July-2017/Disparities-Within-Minority-Mental-Health-Care
"He’s Not a Criminal, He’s in Crisis","I facilitate a peer-led support group called the NAMI Connection Recovery Support Group for Black men. The men who attend the group have all been accused of felonies. They also have all been diagnosed with a mental health condition, such as schizophrenia, bipolar disorder, P...",https://www.nami.org/Blogs/NAMI-Blog/July-2020/He-s-Not-a-Criminal-He-s-in-Crisis
Using My Voice to Spread Awareness in the Black Community,"""This was the darkest, most trying moment in my life. However, I had to go through the pain for my purpose to be revealed.""",https://www.nami.org/Personal-Stories/Using-My-Voice-to-Spread-Awareness-in-the-Black-Community
Hold On,My name is Amy and today I am going to do the unthinkable and share my experience with suicide. We all deserve to live and we are all worth saving.,https://www.nami.org/Personal-Stories/Hold-On
The Pressure to Be Everything but Myself,"""I have a NAMI family that deeply cares as I strive to heal wounds within myself and my household.""",https://www.nami.org/Personal-Stories/The-Pressure-to-Be-Everything-but-Myself
Love’s All That Makes Sense,"Love's All That Makes Sense By Sakeenah and Anika Francis Purchase As the end of Minority Mental Health Awareness Month draws near, NAMI wants to share some passages from a special book, Loves’ All That Makes Sense: A Mother Daughter Memoir , by Sakeenah and ...",https://www.nami.org/Blogs/NAMI-Blog/July-2015/Love’s-All-That-Makes-Sense
How the Pandemic Has Magnified Mental Health Care Disparities,"As individuals across the U.S. grapple with illness, the death of loved ones and the ripple effects of social isolation, the mental health system is struggling to meet the increased demand for mental health services. What is most striking, however, is the disparate impact o...",https://www.nami.org/Blogs/NAMI-Blog/July-2020/How-the-Pandemic-Has-Magnified-Mental-Health-Care-Disparities
Can Culture Affect the Risk of Suicide?,"According to the Centers for Disease Control (CDC), more than 41,000 people die by suicide each year in the United States. Suicidal behaviors often result from experiencing humiliation and shame, lack of support from family members, failure to meet expectations or from envir...",https://www.nami.org/Blogs/NAMI-Blog/October-2015/Can-Culture-Affect-the-Risk-of-Suicide
"I Am Struggling, But I Am Not Alone","""I have a host of mental illnesses, but out of them, my PTSD and BPD affect me the most.""",https://www.nami.org/Personal-Stories/I-Am-Struggling-But-I-Am-Not-Alone
Don’t Stop Fighting,"It wasn’t until I was 24 years old and in early recovery from addiction, that I was diagnosed with bipolar disorder. It took me a long time to accept the fact that I had this diagnosis.",https://www.nami.org/Personal-Stories/Don-t-Stop-Fighting
Gay Pride Month: Coming Out for Mental Health,"Editor’s Note:  During June, many communities are observing Gay Pride Month. Dates for events vary by city, but wherever you live, now is an appropriate time to consider the mental health challenges facing individuals, particularly youth, who “come out” with their sexual ori...",https://www.nami.org/Blogs/NAMI-Blog/June-2012/Gay-Pride-Month-Coming-Out-for-Mental-Health
Why We Need More Culturally Competent Therapists,"I am a Latinx (a person who is ethnically from a Latin American or Caribbean culture) living with co-occurring mental health conditions. It took quite some time for me to realize that my constant depressive state, trauma responses, insomnia and other symptoms all fall un...",https://www.nami.org/Blogs/NAMI-Blog/July-2020/Why-We-Need-More-Culturally-Competent-Therapists
There is Hope!,"Today, I am good. I won’t say great because there are days when I want to give up because I feel no one listens to me about mental illness. But I know I am helping some people.",https://www.nami.org/Personal-Stories/There-is-Hope
